gene,score.p,score.n,score.z,score.ppen,score.npen,ppv,npv,ppenpv,npenpv
ENSG00000132024,0.948717948717949,0.0512820512820513,4.16333634234434e-17,0.6,30.86,0.000831355975182913,0.958776837531475,0.928649326914378,0.349678945368429
ENSG00000112294,0.923076923076923,0.0769230769230769,-5.55111512312578e-17,3.2,38.4,0.00148446558713544,0.944063840721406,0.868757457190533,0.17875462310738
ENSG00000186010,0.923076923076923,0.0769230769230769,-5.55111512312578e-17,2.3,18.89,0.00148446558713544,0.944063840721406,0.892522066994212,0.677762387182291
ENSG00000186567,0.923076923076923,0.0769230769230769,-5.55111512312578e-17,2.6,53.16,0.00148446558713544,0.944063840721406,0.884971905050812,0.0246880555993718
ENSG00000105705,0.897435897435897,0.0769230769230769,0.0256410256410256,0.6,15.86,0.00257739923185218,0.944063840721406,0.928649326914378,0.750484703546329
ENSG00000105953,0.897435897435897,0.102564102564103,-2.77555756156289e-17,2,19.97,0.00257739923185218,0.925490078212834,0.89970834583115,0.649870974967383
ENSG00000119703,0.897435897435897,0.102564102564103,-2.77555756156289e-17,2.1,42.1,0.00257739923185218,0.925490078212834,0.897352954523704,0.118576729017133
ENSG00000130940,0.897435897435897,0.102564102564103,-2.77555756156289e-17,1.2,41.09,0.00257739923185218,0.925490078212834,0.917146077488743,0.133368130233621
ENSG00000132793,0.897435897435897,0.102564102564103,-2.77555756156289e-17,5.5,48.24,0.00257739923185218,0.925490078212834,0.79249446110269,0.0529470347175337
ENSG00000141294,0.897435897435897,0.102564102564103,-2.77555756156289e-17,3.2,29.99,0.00257739923185218,0.925490078212834,0.868757457190533,0.372749632601184
ENSG00000142687,0.897435897435897,0.0769230769230769,0.0256410256410256,0.5,29.19,0.00257739923185218,0.944063840721406,0.930441176944748,0.394377075380358
ENSG00000157184,0.897435897435897,0.102564102564103,-2.77555756156289e-17,1.8,28.5,0.00257739923185218,0.925490078212834,0.904300313099862,0.413298765562378
ENSG00000167588,0.897435897435897,0.0769230769230769,0.0256410256410256,4.5,81.09,0.00257739923185218,0.944063840721406,0.828410465845184,4.0208838277267e-05
ENSG00000100324,0.871794871794872,0.128205128205128,0,1.7,21.09,0.00435209856025476,0.902541686555993,0.906537433305798,0.620068605280362
ENSG00000103245,0.871794871794872,0.128205128205128,0,1.5,24.06,0.00435209856025476,0.902541686555993,0.910895374887103,0.537979495094601
ENSG00000128298,0.871794871794872,0.128205128205128,0,4.6,60.89,0.00435209856025476,0.902541686555993,0.825008686586126,0.0059902487598078
ENSG00000164406,0.871794871794872,0.102564102564103,0.0256410256410256,1.9,61.36,0.00435209856025476,0.925490078212834,0.902024042854296,0.00544824982330083
ENSG00000164967,0.871794871794872,0.0769230769230769,0.0512820512820513,1.5,24.59,0.00435209856025476,0.944063840721406,0.910895374887103,0.52305142994557
ENSG00000170482,0.871794871794872,0.0769230769230769,0.0512820512820513,4.9,59.59,0.00435209856025476,0.944063840721406,0.814548802860346,0.00774616640847026
ENSG00000171174,0.871794871794872,0.128205128205128,0,6.3,40.69,0.00435209856025476,0.902541686555993,0.760797585490613,0.139563049703325
ENSG00000174292,0.871794871794872,0.128205128205128,0,3.9,49.8,0.00435209856025476,0.902541686555993,0.847926255639261,0.0420482845795573
ENSG00000178028,0.871794871794872,0.128205128205128,0,2.3,26.57,0.00435209856025476,0.902541686555993,0.892522066994212,0.46716540360099
ENSG00000179922,0.871794871794872,0.0769230769230769,0.0512820512820513,1.4,22.48,0.00435209856025476,0.944063840721406,0.913016793161779,0.582084936202889
ENSG00000183091,0.871794871794872,0.128205128205128,0,5.3,56.38,0.00435209856025476,0.902541686555993,0.800012558319403,0.014141116702308
ENSG00000184209,0.871794871794872,0.102564102564103,0.0256410256410256,2.5,21.9,0.00435209856025476,0.925490078212834,0.887529436261559,0.598049624514647
ENSG00000184381,0.871794871794872,0.128205128205128,0,3,36.8,0.00435209856025476,0.902541686555993,0.874329005930487,0.209885135201616
ENSG00000187244,0.871794871794872,0.128205128205128,0,2.8,51.79,0.00435209856025476,0.902541686555993,0.879733381984714,0.0308590914770136
ENSG00000006025,0.846153846153846,0.128205128205128,0.0256410256410257,1.7,44.69,0.00714836848280753,0.902541686555993,0.906537433305798,0.0860418889750891
ENSG00000015520,0.846153846153846,0.0256410256410256,0.128205128205128,0.5,68.28,0.00714836848280753,0.970183432030237,0.930441176944748,0.00119857609359431
ENSG00000022976,0.846153846153846,0.102564102564103,0.0512820512820513,1.6,29.68,0.00714836848280753,0.925490078212834,0.908735689138183,0.381086913604008
ENSG00000088682,0.846153846153846,0.128205128205128,0.0256410256410257,1.3,22.1,0.00714836848280753,0.902541686555993,0.91510025458523,0.592561578222725
ENSG00000095066,0.846153846153846,0.128205128205128,0.0256410256410257,1.5,42.59,0.00714836848280753,0.902541686555993,0.910895374887103,0.111834392009772
ENSG00000104325,0.846153846153846,0.102564102564103,0.0512820512820513,3,23.9,0.00714836848280753,0.925490078212834,0.874329005930487,0.542476553787693
ENSG00000114520,0.846153846153846,0.153846153846154,0,1.3,16.68,0.00714836848280753,0.874791989656592,0.91510025458523,0.73169542994893
ENSG00000125637,0.846153846153846,0.153846153846154,0,4.6,38,0.00714836848280753,0.874791989656592,0.825008686586126,0.18625110911501
ENSG00000133460,0.846153846153846,0.153846153846154,0,3.4,20.89,0.00714836848280753,0.874791989656592,0.863017614637113,0.625449003953486
ENSG00000141295,0.846153846153846,0.153846153846154,0,1.5,26.5,0.00714836848280753,0.874791989656592,0.910895374887103,0.46913663268383
ENSG00000149292,0.846153846153846,0.128205128205128,0.0256410256410257,6.7,35.89,0.00714836848280753,0.902541686555993,0.744008242443967,0.228928706232637
ENSG00000150455,0.846153846153846,0.153846153846154,0,2.2,21.18,0.00714836848280753,0.874791989656592,0.89495761095824,0.617639751885129
ENSG00000158006,0.846153846153846,0.153846153846154,0,3.3,32.69,0.00714836848280753,0.874791989656592,0.865908634720371,0.303005368695796
ENSG00000158286,0.846153846153846,0.128205128205128,0.0256410256410257,4.18,56.8,0.00714836848280753,0.902541686555993,0.839009975865673,0.0131048377816181
ENSG00000167363,0.846153846153846,0.153846153846154,0,4.8,40.1,0.00714836848280753,0.874791989656592,0.818077762699646,0.149052769123663
ENSG00000170469,0.846153846153846,0.153846153846154,0,2.4,33,0.00714836848280753,0.874791989656592,0.890046084622518,0.295382289858001
ENSG00000171766,0.846153846153846,0.153846153846154,0,3.6,43.9,0.00714836848280753,0.874791989656592,0.857108564188831,0.0951662607585824
ENSG00000174233,0.846153846153846,0.153846153846154,0,4.2,28.96,0.00714836848280753,0.874791989656592,0.838360298623454,0.400659031117363
ENSG00000177692,0.846153846153846,0.102564102564103,0.0512820512820513,1.5,42.95,0.00714836848280753,0.925490078212834,0.910895374887103,0.107058671155647
ENSG00000178078,0.846153846153846,0.153846153846154,0,2.5,40.3,0.00714836848280753,0.874791989656592,0.887529436261559,0.145788758905183
ENSG00000188493,0.846153846153846,0.128205128205128,0.0256410256410257,1.1,22.4,0.00714836848280753,0.902541686555993,0.919154587606419,0.58429565723448
ENSG00000188747,0.846153846153846,0.153846153846154,0,4.5,38.89,0.00714836848280753,0.874791989656592,0.828410465845184,0.169834319068885
ENSG00000197142,0.846153846153846,0.153846153846154,0,6.6,49.5,0.00714836848280753,0.874791989656592,0.748262420151652,0.0439898978301083
ENSG00000197448,0.846153846153846,0.153846153846154,0,5.48,22,0.00714836848280753,0.874791989656592,0.793253703819892,0.595307944985941
ENSG00000205808,0.846153846153846,0.128205128205128,0.0256410256410257,3.6,24.99,0.00714836848280753,0.902541686555993,0.857108564188831,0.511762359810635
ENSG00000228672,0.846153846153846,0.128205128205128,0.0256410256410257,1.99,35.08,0.00714836848280753,0.902541686555993,0.899941697436121,0.246665471794775
ENSG00000052344,0.82051282051282,0.128205128205128,0.0512820512820513,5.9,50.99,0.01142357165842,0.902541686555993,0.7769666407993,0.0350190555015716
ENSG00000075240,0.82051282051282,0.128205128205128,0.0512820512820513,2.7,32.18,0.01142357165842,0.902541686555993,0.882373285141592,0.315734133870046
ENSG00000106258,0.82051282051282,0.17948717948718,2.77555756156289e-17,4,62.7,0.01142357165842,0.841950876695965,0.844780266977081,0.00413441869377562
ENSG00000106608,0.82051282051282,0.153846153846154,0.0256410256410257,2.5,34.9,0.01142357165842,0.874791989656592,0.887529436261559,0.250704598954578
ENSG00000107872,0.82051282051282,0.17948717948718,2.77555756156289e-17,2.8,19.59,0.01142357165842,0.841950876695965,0.879733381984714,0.659786785183578
ENSG00000115042,0.82051282051282,0.153846153846154,0.0256410256410257,2.1,31.09,0.01142357165842,0.874791989656592,0.897352954523704,0.343667422797813
ENSG00000117305,0.82051282051282,0.153846153846154,0.0256410256410257,3.3,19.2,0.01142357165842,0.874791989656592,0.865908634720371,0.669849845114506
ENSG00000120662,0.82051282051282,0.17948717948718,2.77555756156289e-17,2.9,28.96,0.01142357165842,0.841950876695965,0.877052012614735,0.400659031117363
ENSG00000121577,0.82051282051282,0.153846153846154,0.0256410256410257,5.38,27.78,0.01142357165842,0.874791989656592,0.797025174440378,0.433259517441416
ENSG00000125843,0.82051282051282,0.17948717948718,2.77555756156289e-17,3.6,23.48,0.01142357165842,0.841950876695965,0.857108564188831,0.554254022145996
ENSG00000126106,0.82051282051282,0.17948717948718,2.77555756156289e-17,3.78,29.19,0.01142357165842,0.841950876695965,0.851645163825774,0.394377075380358
ENSG00000126460,0.82051282051282,0.153846153846154,0.0256410256410257,2.6,37.65,0.01142357165842,0.874791989656592,0.884971905050812,0.192967885942441
ENSG00000130762,0.82051282051282,0.17948717948718,2.77555756156289e-17,4.4,39.6,0.01142357165842,0.841950876695965,0.831769693441216,0.157424878742526
ENSG00000131368,0.82051282051282,0.128205128205128,0.0512820512820513,3.5,25.28,0.01142357165842,0.902541686555993,0.860084289217122,0.503571366445546
ENSG00000132801,0.82051282051282,0.128205128205128,0.0512820512820513,0.7,34.3,0.01142357165842,0.902541686555993,0.926822256932343,0.264417303973635
ENSG00000134575,0.82051282051282,0.17948717948718,2.77555756156289e-17,1.2,22.78,0.01142357165842,0.841950876695965,0.917146077488743,0.573772160665714
ENSG00000137171,0.82051282051282,0.17948717948718,2.77555756156289e-17,3.1,52.28,0.01142357165842,0.841950876695965,0.871564202971572,0.0285193855757117
ENSG00000137522,0.82051282051282,0.128205128205128,0.0512820512820513,1.3,27.35,0.01142357165842,0.902541686555993,0.91510025458523,0.445265696228119
ENSG00000139865,0.82051282051282,0.0769230769230769,0.102564102564103,2.8,56.79,0.01142357165842,0.944063840721406,0.879733381984714,0.0131287267700435
ENSG00000142599,0.82051282051282,0.153846153846154,0.0256410256410257,3,21.17,0.01142357165842,0.874791989656592,0.874329005930487,0.61790985512939
ENSG00000143258,0.82051282051282,0.17948717948718,2.77555756156289e-17,3.4,9.09,0.01142357165842,0.841950876695965,0.863017614637113,0.876041489606699
ENSG00000149577,0.82051282051282,0.17948717948718,2.77555756156289e-17,4.4,34.08,0.01142357165842,0.841950876695965,0.831769693441216,0.269539268431279
ENSG00000151150,0.82051282051282,0.153846153846154,0.0256410256410257,6.8,31.87,0.01142357165842,0.874791989656592,0.739716857712426,0.323580733442923
ENSG00000152475,0.82051282051282,0.17948717948718,2.77555756156289e-17,2.2,31.28,0.01142357165842,0.841950876695965,0.89495761095824,0.338730949009876
ENSG00000159214,0.82051282051282,0.17948717948718,2.77555756156289e-17,3.9,42,0.01142357165842,0.841950876695965,0.847926255639261,0.11998729236187
ENSG00000160221,0.82051282051282,0.0769230769230769,0.102564102564103,1,20.49,0.01142357165842,0.944063840721406,0.921126117770072,0.636135895705871
ENSG00000162078,0.82051282051282,0.128205128205128,0.0512820512820513,5.8,47.78,0.01142357165842,0.902541686555993,0.780909433695944,0.0565567477546516
ENSG00000162572,0.82051282051282,0.153846153846154,0.0256410256410257,3.4,47.69,0.01142357165842,0.874791989656592,0.863017614637113,0.0572851701025313
ENSG00000163348,0.82051282051282,0.102564102564103,0.076923076923077,3.3,17.23,0.01142357165842,0.925490078212834,0.865908634720371,0.718705842365436
ENSG00000163701,0.82051282051282,0.17948717948718,2.77555756156289e-17,4.4,59.29,0.01142357165842,0.841950876695965,0.831769693441216,0.00821061072201679
ENSG00000163840,0.82051282051282,0.17948717948718,2.77555756156289e-17,6.2,27.2,0.01142357165842,0.841950876695965,0.764898894371486,0.449466319051949
ENSG00000164050,0.82051282051282,0.153846153846154,0.0256410256410257,1.7,43.84,0.01142357165842,0.874791989656592,0.906537433305798,0.0958873160638818
ENSG00000166126,0.82051282051282,0.128205128205128,0.0512820512820513,3.8,61.49,0.01142357165842,0.902541686555993,0.851029606950478,0.00530624278740266
ENSG00000166268,0.82051282051282,0.102564102564103,0.076923076923077,4.3,85.07,0.01142357165842,0.925490078212834,0.835086316719727,1.19475776627631e-05
ENSG00000167723,0.82051282051282,0.128205128205128,0.0512820512820513,2.3,62.7,0.01142357165842,0.902541686555993,0.892522066994212,0.00413441869377562
ENSG00000167969,0.82051282051282,0.17948717948718,2.77555756156289e-17,2.5,20.58,0.01142357165842,0.841950876695965,0.887529436261559,0.633740220418337
ENSG00000168237,0.82051282051282,0.153846153846154,0.0256410256410257,3.7,40.8,0.01142357165842,0.874791989656592,0.854090358978616,0.137840260518308
ENSG00000168612,0.82051282051282,0.102564102564103,0.076923076923077,1.6,26.28,0.01142357165842,0.925490078212834,0.908735689138183,0.475336627115338
ENSG00000169372,0.82051282051282,0.128205128205128,0.0512820512820513,2.4,23.2,0.01142357165842,0.902541686555993,0.890046084622518,0.562079805159609
ENSG00000173614,0.82051282051282,0.153846153846154,0.0256410256410257,2.6,34.79,0.01142357165842,0.874791989656592,0.884971905050812,0.253190089389865
ENSG00000177225,0.82051282051282,0.17948717948718,2.77555756156289e-17,4.58,34.37,0.01142357165842,0.841950876695965,0.825692443515086,0.262798039566511
ENSG00000179889,0.82051282051282,0.153846153846154,0.0256410256410257,3.3,18.77,0.01142357165842,0.874791989656592,0.865908634720371,0.680804060692827
ENSG00000184508,0.82051282051282,0.153846153846154,0.0256410256410257,2.6,14.49,0.01142357165842,0.874791989656592,0.884971905050812,0.78024780336475
ENSG00000184988,0.82051282051282,0.17948717948718,2.77555756156289e-17,4.8,48.4,0.01142357165842,0.841950876695965,0.818077762699646,0.0517351984701376
ENSG00000185220,0.82051282051282,0.153846153846154,0.0256410256410257,2.1,30.57,0.01142357165842,0.874791989656592,0.897352954523704,0.35731258430736
ENSG00000185504,0.82051282051282,0.17948717948718,2.77555756156289e-17,2.9,15.38,0.01142357165842,0.841950876695965,0.877052012614735,0.761149896380056
ENSG00000186496,0.82051282051282,0.128205128205128,0.0512820512820513,2.5,30.6,0.01142357165842,0.902541686555993,0.887529436261559,0.356520181726576
ENSG00000187624,0.82051282051282,0.153846153846154,0.0256410256410257,4.7,32.7,0.01142357165842,0.874791989656592,0.821564424086706,0.302758093549827
ENSG00000198838,0.82051282051282,0.17948717948718,2.77555756156289e-17,6.29,51.38,0.01142357165842,0.841950876695965,0.761209467856687,0.0329369034768069
ENSG00000204396,0.82051282051282,0.17948717948718,2.77555756156289e-17,5,63.99,0.01142357165842,0.841950876695965,0.810977661229966,0.00314526261141346
ENSG00000205209,0.82051282051282,0.102564102564103,0.076923076923077,2.8,43.45,0.01142357165842,0.925490078212834,0.879733381984714,0.100672327968229
ENSG00000213995,0.82051282051282,0.128205128205128,0.0512820512820513,1.4,25.03,0.01142357165842,0.902541686555993,0.913016793161779,0.510632784607607
ENSG00000214530,0.82051282051282,0.153846153846154,0.0256410256410257,2.39,33.57,0.01142357165842,0.874791989656592,0.890295509157172,0.281600967603102
ENSG00000239382,0.82051282051282,0.153846153846154,0.0256410256410257,3.58,21.29,0.01142357165842,0.874791989656592,0.857707105229889,0.614664864831354
ENSG00000277363,0.82051282051282,0.153846153846154,0.0256410256410257,4.2,45.3,0.01142357165842,0.874791989656592,0.838360298623454,0.079456766460778
ENSG00000002016,0.794871794871795,0.205128205128205,5.55111512312578e-17,3.4,32.77,0.0177660330140896,0.803911698330266,0.863017614637113,0.301029704424952
ENSG00000005339,0.794871794871795,0.205128205128205,5.55111512312578e-17,3.3,20.37,0.0177660330140896,0.803911698330266,0.865908634720371,0.639321855181968
ENSG00000040487,0.794871794871795,0.17948717948718,0.0256410256410257,4.48,18.99,0.0177660330140896,0.841950876695965,0.829085717408381,0.675218523059085
ENSG00000044446,0.794871794871795,0.205128205128205,5.55111512312578e-17,3.4,23.38,0.0177660330140896,0.803911698330266,0.863017614637113,0.557051534700054
ENSG00000065361,0.794871794871795,0.17948717948718,0.0256410256410257,4.4,46.5,0.0177660330140896,0.841950876695965,0.831769693441216,0.067625548559202
ENSG00000071889,0.794871794871795,0.17948717948718,0.0256410256410257,2.7,16,0.0177660330140896,0.841950876695965,0.882373285141592,0.747327026362885
ENSG00000074276,0.794871794871795,0.153846153846154,0.0512820512820513,4.5,79.3,0.0177660330140896,0.874791989656592,0.828410465845184,6.77076468444948e-05
ENSG00000085644,0.794871794871795,0.205128205128205,5.55111512312578e-17,4.4,22.19,0.0177660330140896,0.803911698330266,0.831769693441216,0.590085947928588
ENSG00000092094,0.794871794871795,0.17948717948718,0.0256410256410257,1.4,19.66,0.0177660330140896,0.841950876695965,0.913016793161779,0.657968224083103
ENSG00000100031,0.794871794871795,0.17948717948718,0.0256410256410257,3.5,52.6,0.0177660330140896,0.841950876695965,0.860084289217122,0.0270725504295924
ENSG00000100154,0.794871794871795,0.205128205128205,5.55111512312578e-17,5.79,20.9,0.0177660330140896,0.803911698330266,0.781301496462159,0.625180553473351
ENSG00000100288,0.794871794871795,0.17948717948718,0.0256410256410257,6.78,34.15,0.0177660330140896,0.841950876695965,0.740578090443632,0.26790417386698
ENSG00000100612,0.794871794871795,0.205128205128205,5.55111512312578e-17,5.8,20.9,0.0177660330140896,0.803911698330266,0.780909433695944,0.625180553473352
ENSG00000102934,0.794871794871795,0.17948717948718,0.0256410256410257,6.2,46.5,0.0177660330140896,0.841950876695965,0.764898894371486,0.067625548559202
ENSG00000104823,0.794871794871795,0.205128205128205,5.55111512312578e-17,3.8,20.48,0.0177660330140896,0.803911698330266,0.851029606950478,0.636401755652457
ENSG00000105341,0.794871794871795,0.205128205128205,5.55111512312578e-17,3.2,20.69,0.0177660330140896,0.803911698330266,0.868757457190533,0.630805087251366
ENSG00000105379,0.794871794871795,0.205128205128205,5.55111512312578e-17,3.6,38.24,0.0177660330140896,0.803911698330266,0.857108564188831,0.181730129257498
ENSG00000105397,0.794871794871795,0.205128205128205,5.55111512312578e-17,4.69,29.47,0.0177660330140896,0.803911698330266,0.821910759803972,0.386766545914066
ENSG00000105559,0.794871794871795,0.17948717948718,0.0256410256410257,3.6,45.29,0.0177660330140896,0.841950876695965,0.857108564188831,0.0795615533285579
ENSG00000106261,0.794871794871795,0.17948717948718,0.0256410256410257,2.8,26.29,0.0177660330140896,0.841950876695965,0.879733381984714,0.475054668162533
ENSG00000109111,0.794871794871795,0.205128205128205,5.55111512312578e-17,2.4,13.38,0.0177660330140896,0.803911698330266,0.890046084622518,0.802791211113131
ENSG00000109618,0.794871794871795,0.205128205128205,5.55111512312578e-17,2.4,25.5,0.0177660330140896,0.803911698330266,0.890046084622518,0.497356319440905
ENSG00000110583,0.794871794871795,0.205128205128205,5.55111512312578e-17,3.8,22.73,0.0177660330140896,0.803911698330266,0.851029606950478,0.575160006514103
ENSG00000110717,0.794871794871795,0.205128205128205,5.55111512312578e-17,3.29,20.65,0.0177660330140896,0.803911698330266,0.86619541396735,0.631873301378208
ENSG00000110987,0.794871794871795,0.17948717948718,0.0256410256410257,5.9,28.68,0.0177660330140896,0.841950876695965,0.7769666407993,0.408341297123072
ENSG00000114670,0.794871794871795,0.205128205128205,5.55111512312578e-17,5.5,31.5,0.0177660330140896,0.803911698330266,0.79249446110269,0.333049495695159
ENSG00000115255,0.794871794871795,0.17948717948718,0.0256410256410257,4.6,51.29,0.0177660330140896,0.841950876695965,0.825008686586126,0.0334081132852996
ENSG00000115286,0.794871794871795,0.153846153846154,0.0512820512820513,1.9,17.3,0.0177660330140896,0.874791989656592,0.902024042854296,0.717031095848032
ENSG00000115459,0.794871794871795,0.17948717948718,0.0256410256410257,5.08,22.79,0.0177660330140896,0.841950876695965,0.80809046587281,0.573494481251943
ENSG00000115468,0.794871794871795,0.153846153846154,0.0512820512820513,4.1,60.08,0.0177660330140896,0.874791989656592,0.841591617512686,0.00703719236028522
ENSG00000115841,0.794871794871795,0.17948717948718,0.0256410256410257,4.7,20.98,0.0177660330140896,0.841950876695965,0.821564424086706,0.623030775666489
ENSG00000116704,0.794871794871795,0.17948717948718,0.0256410256410257,5.6,26.8,0.0177660330140896,0.841950876695965,0.788673602768502,0.460694433366772
ENSG00000119688,0.794871794871795,0.205128205128205,5.55111512312578e-17,2.5,33.49,0.0177660330140896,0.803911698330266,0.887529436261559,0.283516356126365
ENSG00000121769,0.794871794871795,0.17948717948718,0.0256410256410257,3.5,45.59,0.0177660330140896,0.841950876695965,0.860084289217122,0.0764631849060715
ENSG00000122481,0.794871794871795,0.128205128205128,0.076923076923077,3,16.59,0.0177660330140896,0.902541686555993,0.874329005930487,0.733791911757176
ENSG00000122971,0.794871794871795,0.205128205128205,5.55111512312578e-17,2.9,32.5,0.0177660330140896,0.803911698330266,0.877052012614735,0.307720654942059
ENSG00000123992,0.794871794871795,0.205128205128205,5.55111512312578e-17,2,23.7,0.0177660330140896,0.803911698330266,0.89970834583115,0.548090171634457
ENSG00000124743,0.794871794871795,0.17948717948718,0.0256410256410257,6.09,55.49,0.0177660330140896,0.841950876695965,0.769365111695137,0.01657239192157
ENSG00000128394,0.794871794871795,0.17948717948718,0.0256410256410257,1.7,21.1,0.0177660330140896,0.841950876695965,0.906537433305798,0.619798964473194
ENSG00000129566,0.794871794871795,0.205128205128205,5.55111512312578e-17,4.3,37.69,0.0177660330140896,0.803911698330266,0.835086316719727,0.192192851178825
ENSG00000130349,0.794871794871795,0.205128205128205,5.55111512312578e-17,4.3,29.2,0.0177660330140896,0.803911698330266,0.835086316719727,0.394104556187705
ENSG00000130714,0.794871794871795,0.153846153846154,0.0512820512820513,2.9,32.98,0.0177660330140896,0.874791989656592,0.877052012614735,0.295871429810065
ENSG00000130749,0.794871794871795,0.205128205128205,5.55111512312578e-17,1.7,21.6,0.0177660330140896,0.803911698330266,0.906537433305798,0.606245250812587
ENSG00000130772,0.794871794871795,0.205128205128205,5.55111512312578e-17,2.3,23.09,0.0177660330140896,0.803911698330266,0.892522066994212,0.565147763061468
ENSG00000131089,0.794871794871795,0.153846153846154,0.0512820512820513,3.6,24.28,0.0177660330140896,0.874791989656592,0.857108564188831,0.531788219859028
ENSG00000131269,0.794871794871795,0.153846153846154,0.0512820512820513,3.1,18.67,0.0177660330140896,0.874791989656592,0.871564202971572,0.683329535629382
ENSG00000133195,0.794871794871795,0.153846153846154,0.0512820512820513,3.8,34.36,0.0177660330140896,0.874791989656592,0.851029606950478,0.263029052168973
ENSG00000135437,0.794871794871795,0.128205128205128,0.076923076923077,6.1,46.4,0.0177660330140896,0.902541686555993,0.768961060944132,0.0685562888886233
ENSG00000136935,0.794871794871795,0.153846153846154,0.0512820512820513,4.78,25.59,0.0177660330140896,0.874791989656592,0.818778482299943,0.494813899507614
ENSG00000139192,0.794871794871795,0.17948717948718,0.0256410256410257,5.9,39.2,0.0177660330140896,0.841950876695965,0.7769666407993,0.164340925253518
ENSG00000140961,0.794871794871795,0.17948717948718,0.0256410256410257,5.9,31.99,0.0177660330140896,0.841950876695965,0.7769666407993,0.320533776524028
ENSG00000141933,0.794871794871795,0.153846153846154,0.0512820512820513,1.8,37.88,0.0177660330140896,0.874791989656592,0.904300313099862,0.188537506803908
ENSG00000143633,0.794871794871795,0.17948717948718,0.0256410256410257,3.1,25.89,0.0177660330140896,0.841950876695965,0.871564202971572,0.486341267450412
ENSG00000155666,0.794871794871795,0.17948717948718,0.0256410256410257,2.7,39.37,0.0177660330140896,0.841950876695965,0.882373285141592,0.161377887057511
ENSG00000157326,0.794871794871795,0.205128205128205,5.55111512312578e-17,4.5,26.76,0.0177660330140896,0.803911698330266,0.828410465845184,0.461819120744045
ENSG00000157353,0.794871794871795,0.205128205128205,5.55111512312578e-17,3.7,35.9,0.0177660330140896,0.803911698330266,0.854090358978616,0.228714300474232
ENSG00000158773,0.794871794871795,0.205128205128205,5.55111512312578e-17,5.49,21.84,0.0177660330140896,0.803911698330266,0.79287428825197,0.599692328564179
ENSG00000160325,0.794871794871795,0.17948717948718,0.0256410256410257,1.5,34.89,0.0177660330140896,0.841950876695965,0.910895374887103,0.250930017439542
ENSG00000160602,0.794871794871795,0.153846153846154,0.0512820512820513,3.8,35,0.0177660330140896,0.874791989656592,0.851029606950478,0.248456325076976
ENSG00000161328,0.794871794871795,0.17948717948718,0.0256410256410257,6.5,42.28,0.0177660330140896,0.841950876695965,0.752478969797642,0.116067327632744
ENSG00000161920,0.794871794871795,0.205128205128205,5.55111512312578e-17,2.2,22.68,0.0177660330140896,0.803911698330266,0.89495761095824,0.576546921357613
ENSG00000162391,0.794871794871795,0.0512820512820513,0.153846153846154,2.1,61.7,0.0177660330140896,0.958776837531475,0.897352954523704,0.00508379239040369
ENSG00000163075,0.794871794871795,0.102564102564103,0.102564102564103,4.7,53.28,0.0177660330140896,0.925490078212834,0.821564424086706,0.0242007005982147
ENSG00000164403,0.794871794871795,0.205128205128205,5.55111512312578e-17,3.7,45.6,0.0177660330140896,0.803911698330266,0.854090358978616,0.0763615097418712
ENSG00000164976,0.794871794871795,0.205128205128205,5.55111512312578e-17,3.7,54.89,0.0177660330140896,0.803911698330266,0.854090358978616,0.0184062722807703
ENSG00000166140,0.794871794871795,0.17948717948718,0.0256410256410257,3.4,22.29,0.0177660330140896,0.841950876695965,0.863017614637113,0.587331033950638
ENSG00000166888,0.794871794871795,0.17948717948718,0.0256410256410257,5.3,21,0.0177660330140896,0.841950876695965,0.800012558319403,0.622492731782836
ENSG00000167701,0.794871794871795,0.17948717948718,0.0256410256410257,5.9,57.19,0.0177660330140896,0.841950876695965,0.7769666407993,0.0122020151226802
ENSG00000167895,0.794871794871795,0.128205128205128,0.076923076923077,4,43.78,0.0177660330140896,0.902541686555993,0.844780266977081,0.09661238157331
ENSG00000168675,0.794871794871795,0.153846153846154,0.0512820512820513,4,29.19,0.0177660330140896,0.874791989656592,0.844780266977081,0.394377075380358
ENSG00000169660,0.794871794871795,0.153846153846154,0.0512820512820513,2.1,27.5,0.0177660330140896,0.874791989656592,0.897352954523704,0.441071209875694
ENSG00000169951,0.794871794871795,0.17948717948718,0.0256410256410257,3.2,37.09,0.0177660330140896,0.841950876695965,0.868757457190533,0.204017713235391
ENSG00000172831,0.794871794871795,0.205128205128205,5.55111512312578e-17,3.7,31.7,0.0177660330140896,0.803911698330266,0.854090358978616,0.327917540027358
ENSG00000173175,0.794871794871795,0.17948717948718,0.0256410256410257,3.9,45.58,0.0177660330140896,0.841950876695965,0.847926255639261,0.0765649630295733
ENSG00000173928,0.794871794871795,0.205128205128205,5.55111512312578e-17,4.99,28.46,0.0177660330140896,0.803911698330266,0.811336669911317,0.414402334763202
ENSG00000174669,0.794871794871795,0.205128205128205,5.55111512312578e-17,2.4,60.04,0.0177660330140896,0.803911698330266,0.890046084622518,0.0070928419560502
ENSG00000175048,0.794871794871795,0.17948717948718,0.0256410256410257,4.6,38.78,0.0177660330140896,0.841950876695965,0.825008686586126,0.171811569203187
ENSG00000177548,0.794871794871795,0.153846153846154,0.0512820512820513,2.6,38.19,0.0177660330140896,0.874791989656592,0.884971905050812,0.182666293692091
ENSG00000178026,0.794871794871795,0.205128205128205,5.55111512312578e-17,2.3,33.59,0.0177660330140896,0.803911698330266,0.892522066994212,0.281123097394022
ENSG00000178401,0.794871794871795,0.17948717948718,0.0256410256410257,3.1,92.18,0.0177660330140896,0.841950876695965,0.871564202971572,1.13106696975063e-06
ENSG00000178537,0.794871794871795,0.153846153846154,0.0512820512820513,3.7,35.29,0.0177660330140896,0.874791989656592,0.854090358978616,0.241997560939952
ENSG00000178826,0.794871794871795,0.17948717948718,0.0256410256410257,6.08,69,0.0177660330140896,0.841950876695965,0.769768767323767,0.0010108831503296
ENSG00000178971,0.794871794871795,0.17948717948718,0.0256410256410257,3.2,29.88,0.0177660330140896,0.841950876695965,0.868757457190533,0.375701432850693
ENSG00000180104,0.794871794871795,0.205128205128205,5.55111512312578e-17,2.9,7.9,0.0177660330140896,0.803911698330266,0.877052012614735,0.892455271609752
ENSG00000181754,0.794871794871795,0.153846153846154,0.0512820512820513,4.3,41.2,0.0177660330140896,0.874791989656592,0.835086316719727,0.13169820792273
ENSG00000185670,0.794871794871795,0.205128205128205,5.55111512312578e-17,6.5,35.8,0.0177660330140896,0.803911698330266,0.752478969797642,0.23086342570226
ENSG00000186001,0.794871794871795,0.17948717948718,0.0256410256410257,2.6,28.17,0.0177660330140896,0.841950876695965,0.884971905050812,0.422422904370123
ENSG00000189266,0.794871794871795,0.205128205128205,5.55111512312578e-17,3.5,11.2,0.0177660330140896,0.803911698330266,0.860084289217122,0.842793890813449
ENSG00000196576,0.794871794871795,0.153846153846154,0.0512820512820513,4.38,28,0.0177660330140896,0.874791989656592,0.83243642785164,0.427139842717224
ENSG00000198947,0.794871794871795,0.17948717948718,0.0256410256410257,4.9,39.49,0.0177660330140896,0.841950876695965,0.814548802860346,0.159307439810065
ENSG00000204859,0.794871794871795,0.17948717948718,0.0256410256410257,5.2,29.59,0.0177660330140896,0.841950876695965,0.803709381159215,0.38351798548904
ENSG00000205356,0.794871794871795,0.205128205128205,5.55111512312578e-17,4.3,25.29,0.0177660330140896,0.803911698330266,0.835086316719727,0.503288871709386
ENSG00000232859,0.794871794871795,0.17948717948718,0.0256410256410257,3.9,26.88,0.0177660330140896,0.841950876695965,0.847926255639261,0.458446010554241
ENSG00000239521,0.794871794871795,0.205128205128205,5.55111512312578e-17,6.2,14.6,0.0177660330140896,0.803911698330266,0.764898894371486,0.777935946496952
ENSG00000256294,0.794871794871795,0.205128205128205,5.55111512312578e-17,4.7,38.98,0.0177660330140896,0.803911698330266,0.821564424086706,0.168227466157654
ENSG00000259494,0.794871794871795,0.205128205128205,5.55111512312578e-17,4.6,29.89,0.0177660330140896,0.803911698330266,0.825008686586126,0.375432783589445
ENSG00000261884,0.794871794871795,0.205128205128205,5.55111512312578e-17,5.6,37.49,0.0177660330140896,0.803911698330266,0.788673602768502,0.196087066233476
ENSG00000262246,0.794871794871795,0.205128205128205,5.55111512312578e-17,6.1,29.98,0.0177660330140896,0.803911698330266,0.768961060944132,0.373017672483518
ENSG00000276234,0.794871794871795,0.205128205128205,5.55111512312578e-17,4.8,16.35,0.0177660330140896,0.803911698330266,0.818077762699646,0.7393416898034
ENSG00000006756,0.769230769230769,0.17948717948718,0.0512820512820512,3.8,35.9,0.0268962761372902,0.841950876695965,0.851029606950478,0.228714300474232
ENSG00000011132,0.769230769230769,0.205128205128205,0.0256410256410256,3.58,19,0.0268962761372902,0.803911698330266,0.857707105229889,0.674963684074508
ENSG00000023839,0.769230769230769,0.205128205128205,0.0256410256410256,6.4,67.5,0.0268962761372902,0.803911698330266,0.756657487279276,0.00143750214290361
ENSG00000041988,0.769230769230769,0.17948717948718,0.0512820512820512,2.4,24.69,0.0268962761372902,0.841950876695965,0.890046084622518,0.520230541575066
ENSG00000042445,0.769230769230769,0.230769230769231,-5.55111512312578e-17,4.3,28.49,0.0268962761372902,0.760789783988833,0.835086316719727,0.413574594013234
ENSG00000063241,0.769230769230769,0.230769230769231,-5.55111512312578e-17,4.5,29.3,0.0268962761372902,0.760789783988833,0.828410465845184,0.391382236170161
ENSG00000063761,0.769230769230769,0.230769230769231,-5.55111512312578e-17,3.09,32.97,0.0268962761372902,0.760789783988833,0.871842568374936,0.296116139207494
ENSG00000065717,0.769230769230769,0.230769230769231,-5.55111512312578e-17,5.4,48.4,0.0268962761372902,0.760789783988833,0.796274185105267,0.0517351984701376
ENSG00000067606,0.769230769230769,0.230769230769231,-5.55111512312578e-17,3.7,34.08,0.0268962761372902,0.760789783988833,0.854090358978616,0.269539268431279
ENSG00000075234,0.769230769230769,0.230769230769231,-5.55111512312578e-17,4.4,32.9,0.0268962761372902,0.760789783988833,0.831769693441216,0.2978316993444
ENSG00000076555,0.769230769230769,0.230769230769231,-5.55111512312578e-17,5.5,46.19,0.0268962761372902,0.760789783988833,0.79249446110269,0.0705429726731266
ENSG00000077454,0.769230769230769,0.230769230769231,-5.55111512312578e-17,6.08,25.58,0.0268962761372902,0.760789783988833,0.769768767323767,0.495096382097977
ENSG00000078687,0.769230769230769,0.230769230769231,-5.55111512312578e-17,5.2,29.77,0.0268962761372902,0.760789783988833,0.803709381159215,0.378660526019014
ENSG00000083097,0.769230769230769,0.205128205128205,0.0256410256410256,6.5,26.69,0.0268962761372902,0.803911698330266,0.752478969797642,0.46378805313902
ENSG00000096070,0.769230769230769,0.230769230769231,-5.55111512312578e-17,3.1,26.17,0.0268962761372902,0.760789783988833,0.871564202971572,0.478438959818151
ENSG00000100151,0.769230769230769,0.230769230769231,-5.55111512312578e-17,5.17,27.7,0.0268962761372902,0.760789783988833,0.804810297922436,0.43548890793808
ENSG00000100348,0.769230769230769,0.205128205128205,0.0256410256410256,4.3,18.88,0.0268962761372902,0.803911698330266,0.835086316719727,0.67801631880441
ENSG00000100403,0.769230769230769,0.205128205128205,0.0256410256410256,1.5,28.5,0.0268962761372902,0.803911698330266,0.910895374887103,0.413298765562378
ENSG00000100441,0.769230769230769,0.205128205128205,0.0256410256410256,4.1,12.9,0.0268962761372902,0.803911698330266,0.841591617512686,0.812089895446204
ENSG00000100802,0.769230769230769,0.205128205128205,0.0256410256410256,3.3,27.18,0.0268962761372902,0.803911698330266,0.865908634720371,0.450026840744945
ENSG00000101019,0.769230769230769,0.17948717948718,0.0512820512820512,3.98,23.17,0.0268962761372902,0.841950876695965,0.845412877035465,0.562916899122478
ENSG00000103174,0.769230769230769,0.230769230769231,-5.55111512312578e-17,5.9,29.49,0.0268962761372902,0.760789783988833,0.7769666407993,0.386224561054855
ENSG00000103199,0.769230769230769,0.230769230769231,-5.55111512312578e-17,5.36,39.06,0.0268962761372902,0.760789783988833,0.797774508039433,0.166807390630518
ENSG00000103227,0.769230769230769,0.230769230769231,-5.55111512312578e-17,5.8,33.4,0.0268962761372902,0.760789783988833,0.780909433695944,0.285678602636169
ENSG00000103496,0.769230769230769,0.205128205128205,0.0256410256410256,5.98,18.29,0.0268962761372902,0.803911698330266,0.773783521283127,0.692847846739284
ENSG00000106686,0.769230769230769,0.205128205128205,0.0256410256410256,3.9,42.4,0.0268962761372902,0.803911698330266,0.847926255639261,0.114415475937805
ENSG00000107537,0.769230769230769,0.230769230769231,-5.55111512312578e-17,5.6,38.89,0.0268962761372902,0.760789783988833,0.788673602768502,0.169834319068885
ENSG00000108474,0.769230769230769,0.230769230769231,-5.55111512312578e-17,4.9,33.69,0.0268962761372902,0.760789783988833,0.814548802860346,0.278739639723162
ENSG00000108479,0.769230769230769,0.230769230769231,-5.55111512312578e-17,3.4,28.99,0.0268962761372902,0.760789783988833,0.863017614637113,0.399838149097503
ENSG00000108515,0.769230769230769,0.205128205128205,0.0256410256410256,3.1,44.17,0.0268962761372902,0.803911698330266,0.871564202971572,0.091970888380756
ENSG00000109079,0.769230769230769,0.205128205128205,0.0256410256410256,3.5,20.33,0.0268962761372902,0.803911698330266,0.860084289217122,0.6403817091543
ENSG00000110090,0.769230769230769,0.17948717948718,0.0512820512820512,4.5,32.79,0.0268962761372902,0.841950876695965,0.828410465845184,0.300536697105001
ENSG00000112667,0.769230769230769,0.230769230769231,-5.55111512312578e-17,5.6,27.98,0.0268962761372902,0.760789783988833,0.788673602768502,0.427695475821427
ENSG00000115282,0.769230769230769,0.153846153846154,0.0769230769230769,1.5,25.36,0.0268962761372902,0.874791989656592,0.910895374887103,0.501311370311629
ENSG00000119673,0.769230769230769,0.205128205128205,0.0256410256410256,5.7,33.68,0.0268962761372902,0.803911698330266,0.784811843500456,0.278977542183857
ENSG00000119899,0.769230769230769,0.230769230769231,-5.55111512312578e-17,5.4,13,0.0268962761372902,0.760789783988833,0.796274185105267,0.810175329732764
ENSG00000120215,0.769230769230769,0.128205128205128,0.102564102564103,2.1,35.25,0.0268962761372902,0.902541686555993,0.897352954523704,0.242882976710334
ENSG00000120915,0.769230769230769,0.17948717948718,0.0512820512820512,6.1,31.9,0.0268962761372902,0.841950876695965,0.768961060944132,0.322817874227816
ENSG00000121067,0.769230769230769,0.153846153846154,0.0769230769230769,3.39,10.1,0.0268962761372902,0.874791989656592,0.863308618712763,0.860795844963296
ENSG00000121903,0.769230769230769,0.205128205128205,0.0256410256410256,3.7,41.08,0.0268962761372902,0.803911698330266,0.854090358978616,0.13352066046268
ENSG00000124920,0.769230769230769,0.230769230769231,-5.55111512312578e-17,4.2,51.1,0.0268962761372902,0.760789783988833,0.838360298623454,0.034421127118587
ENSG00000125611,0.769230769230769,0.205128205128205,0.0256410256410256,4.1,26.2,0.0268962761372902,0.803911698330266,0.841591617512686,0.477592731568792
ENSG00000125730,0.769230769230769,0.205128205128205,0.0256410256410256,5.5,47,0.0268962761372902,0.803911698330266,0.79249446110269,0.063117589327491
ENSG00000125741,0.769230769230769,0.230769230769231,-5.55111512312578e-17,2.3,31.7,0.0268962761372902,0.760789783988833,0.892522066994212,0.327917540027358
ENSG00000126107,0.769230769230769,0.17948717948718,0.0512820512820512,2.2,27.87,0.0268962761372902,0.841950876695965,0.89495761095824,0.430753992807732
ENSG00000126218,0.769230769230769,0.128205128205128,0.102564102564103,6.4,71.2,0.0268962761372902,0.902541686555993,0.756657487279276,0.000591794011503888
ENSG00000130244,0.769230769230769,0.17948717948718,0.0512820512820512,3.8,32.19,0.0268962761372902,0.841950876695965,0.851029606950478,0.315482370529541
ENSG00000130312,0.769230769230769,0.230769230769231,-5.55111512312578e-17,2.4,18.07,0.0268962761372902,0.760789783988833,0.890046084622518,0.698300179977418
ENSG00000130414,0.769230769230769,0.230769230769231,-5.55111512312578e-17,2.6,13.49,0.0268962761372902,0.760789783988833,0.884971905050812,0.800621691549284
ENSG00000130770,0.769230769230769,0.230769230769231,-5.55111512312578e-17,3.8,14.18,0.0268962761372902,0.760789783988833,0.851029606950478,0.786688186293902
ENSG00000131067,0.769230769230769,0.230769230769231,-5.55111512312578e-17,5.18,43,0.0268962761372902,0.760789783988833,0.80444374330171,0.106407188518312
ENSG00000131378,0.769230769230769,0.17948717948718,0.0512820512820512,5.3,30.18,0.0268962761372902,0.841950876695965,0.800012558319403,0.367668715589843
ENSG00000132313,0.769230769230769,0.17948717948718,0.0512820512820512,4.7,17.4,0.0268962761372902,0.841950876695965,0.821564424086706,0.714630329250332
ENSG00000132744,0.769230769230769,0.0512820512820513,0.179487179487179,4.8,71.88,0.0268962761372902,0.958776837531475,0.818077762699646,0.000499232069361089
ENSG00000133884,0.769230769230769,0.205128205128205,0.0256410256410256,2.2,10.99,0.0268962761372902,0.803911698330266,0.89495761095824,0.846343833899214
ENSG00000133943,0.769230769230769,0.230769230769231,-5.55111512312578e-17,2.8,34.6,0.0268962761372902,0.760789783988833,0.879733381984714,0.257513540526816
ENSG00000135473,0.769230769230769,0.230769230769231,-5.55111512312578e-17,2.7,33.28,0.0268962761372902,0.760789783988833,0.882373285141592,0.288573743564317
ENSG00000136147,0.769230769230769,0.205128205128205,0.0256410256410256,5.69,32.56,0.0268962761372902,0.803911698330266,0.785199852966426,0.306228132445173
ENSG00000136463,0.769230769230769,0.17948717948718,0.0512820512820512,1.4,26.68,0.0268962761372902,0.841950876695965,0.913016793161779,0.464069402749325
ENSG00000136848,0.769230769230769,0.205128205128205,0.0256410256410256,2.88,44.58,0.0268962761372902,0.803911698330266,0.877591612171723,0.0872716278344168
ENSG00000136883,0.769230769230769,0.0769230769230769,0.153846153846154,4.1,70.19,0.0268962761372902,0.944063840721406,0.841591617512686,0.00075883279739386
ENSG00000138459,0.769230769230769,0.205128205128205,0.0256410256410256,4.9,12.67,0.0268962761372902,0.803911698330266,0.814548802860346,0.816447939953357
ENSG00000139517,0.769230769230769,0.230769230769231,-5.55111512312578e-17,1.6,21.39,0.0268962761372902,0.760789783988833,0.908735689138183,0.611954549425934
ENSG00000139531,0.769230769230769,0.102564102564103,0.128205128205128,1.8,17.85,0.0268962761372902,0.925490078212834,0.904300313099862,0.703708563417915
ENSG00000140365,0.769230769230769,0.230769230769231,-5.55111512312578e-17,3.8,24.37,0.0268962761372902,0.760789783988833,0.851029606950478,0.529253121757073
ENSG00000141026,0.769230769230769,0.17948717948718,0.0512820512820512,1.7,26.69,0.0268962761372902,0.841950876695965,0.906537433305798,0.46378805313902
ENSG00000142082,0.769230769230769,0.205128205128205,0.0256410256410256,2.6,13.2,0.0268962761372902,0.803911698330266,0.884971905050812,0.806310376614239
ENSG00000142102,0.769230769230769,0.230769230769231,-5.55111512312578e-17,6.4,47,0.0268962761372902,0.760789783988833,0.756657487279276,0.063117589327491
ENSG00000143434,0.769230769230769,0.230769230769231,-5.55111512312578e-17,3.3,37.08,0.0268962761372902,0.760789783988833,0.865908634720371,0.204218397121675
ENSG00000143994,0.769230769230769,0.17948717948718,0.0512820512820512,1.9,31.68,0.0268962761372902,0.841950876695965,0.902024042854296,0.328429296125987
ENSG00000145217,0.769230769230769,0.230769230769231,-5.55111512312578e-17,5.9,51.39,0.0268962761372902,0.760789783988833,0.7769666407993,0.0328848866312097
ENSG00000146067,0.769230769230769,0.17948717948718,0.0512820512820512,3.9,19.68,0.0268962761372902,0.841950876695965,0.847926255639261,0.657447959130044
ENSG00000147155,0.769230769230769,0.230769230769231,-5.55111512312578e-17,5.8,25.06,0.0268962761372902,0.760789783988833,0.780909433695944,0.509785546738732
ENSG00000148803,0.769230769230769,0.17948717948718,0.0512820512820512,3.9,36.77,0.0268962761372902,0.841950876695965,0.847926255639261,0.210497719410747
ENSG00000159588,0.769230769230769,0.230769230769231,-5.55111512312578e-17,6.3,37.5,0.0268962761372902,0.760789783988833,0.760797585490613,0.195891226097758
ENSG00000161618,0.769230769230769,0.230769230769231,-5.55111512312578e-17,5.2,19.9,0.0268962761372902,0.760789783988833,0.803709381159215,0.651705511556196
ENSG00000162194,0.769230769230769,0.230769230769231,-5.55111512312578e-17,2.6,41.65,0.0268962761372902,0.760789783988833,0.884971905050812,0.125017251873936
ENSG00000162341,0.769230769230769,0.205128205128205,0.0256410256410256,2.4,29,0.0268962761372902,0.803911698330266,0.890046084622518,0.399564619901988
ENSG00000162931,0.769230769230769,0.153846153846154,0.0769230769230769,2.2,27.49,0.0268962761372902,0.874791989656592,0.89495761095824,0.441350642080999
ENSG00000163959,0.769230769230769,0.153846153846154,0.0769230769230769,5.7,42.2,0.0268962761372902,0.874791989656592,0.784811843500456,0.117177924296452
ENSG00000164011,0.769230769230769,0.230769230769231,-5.55111512312578e-17,3.4,23.8,0.0268962761372902,0.760789783988833,0.863017614637113,0.545284493216558
ENSG00000164896,0.769230769230769,0.17948717948718,0.0512820512820512,5.28,18.57,0.0268962761372902,0.841950876695965,0.800755253008006,0.685846493897062
ENSG00000164919,0.769230769230769,0.205128205128205,0.0256410256410256,3.7,17.51,0.0268962761372902,0.803911698330266,0.854090358978616,0.711978334063186
ENSG00000166689,0.769230769230769,0.230769230769231,-5.55111512312578e-17,3,45.59,0.0268962761372902,0.760789783988833,0.874329005930487,0.0764631849060715
ENSG00000166797,0.769230769230769,0.205128205128205,0.0256410256410256,2.6,18.48,0.0268962761372902,0.803911698330266,0.884971905050812,0.688104394337856
ENSG00000167183,0.769230769230769,0.102564102564103,0.128205128205128,4.4,73.09,0.0268962761372902,0.925490078212834,0.831769693441216,0.000366880379787937
ENSG00000167792,0.769230769230769,0.230769230769231,-5.55111512312578e-17,5.27,17.3,0.0268962761372902,0.760789783988833,0.801125976601768,0.717031095848032
ENSG00000167799,0.769230769230769,0.230769230769231,-5.55111512312578e-17,3.2,26.5,0.0268962761372902,0.760789783988833,0.868757457190533,0.46913663268383
ENSG00000167984,0.769230769230769,0.230769230769231,-5.55111512312578e-17,6.2,28.7,0.0268962761372902,0.760789783988833,0.764898894371486,0.407791356251965
ENSG00000168517,0.769230769230769,0.0769230769230769,0.153846153846154,0.9,15.67,0.0268962761372902,0.944063840721406,0.923061007604719,0.754736355030268
ENSG00000171121,0.769230769230769,0.205128205128205,0.0256410256410256,2.6,39.99,0.0268962761372902,0.803911698330266,0.884971905050812,0.150868625359528
ENSG00000171130,0.769230769230769,0.230769230769231,-5.55111512312578e-17,6.68,21.7,0.0268962761372902,0.760789783988833,0.74486206826393,0.603518405599195
ENSG00000172661,0.769230769230769,0.230769230769231,-5.55111512312578e-17,5.9,12.1,0.0268962761372902,0.760789783988833,0.7769666407993,0.826974010128638
ENSG00000172828,0.769230769230769,0.17948717948718,0.0512820512820512,2.3,64.77,0.0268962761372902,0.841950876695965,0.892522066994212,0.00265602916151853
ENSG00000173269,0.769230769230769,0.17948717948718,0.0512820512820512,2.9,47.17,0.0268962761372902,0.841950876695965,0.877052012614735,0.0616393673070775
ENSG00000173991,0.769230769230769,0.17948717948718,0.0512820512820512,4.1,35.29,0.0268962761372902,0.841950876695965,0.841591617512686,0.241997560939952
ENSG00000174327,0.769230769230769,0.205128205128205,0.0256410256410256,3.1,42,0.0268962761372902,0.803911698330266,0.871564202971572,0.11998729236187
ENSG00000174827,0.769230769230769,0.102564102564103,0.128205128205128,5,70.18,0.0268962761372902,0.925490078212834,0.810977661229966,0.000760684856394023
ENSG00000174917,0.769230769230769,0.17948717948718,0.0512820512820512,4.8,28.84,0.0268962761372902,0.841950876695965,0.818077762699646,0.403946913946111
ENSG00000175309,0.769230769230769,0.230769230769231,-5.55111512312578e-17,3.2,24.5,0.0268962761372902,0.760789783988833,0.868757457190533,0.52558924629007
ENSG00000175701,0.769230769230769,0.17948717948718,0.0512820512820512,3.6,20.72,0.0268962761372902,0.841950876695965,0.857108564188831,0.630003262743985
ENSG00000175787,0.769230769230769,0.205128205128205,0.0256410256410256,3.6,31.7,0.0268962761372902,0.803911698330266,0.857108564188831,0.327917540027358
ENSG00000176410,0.769230769230769,0.230769230769231,-5.55111512312578e-17,3.4,32.69,0.0268962761372902,0.760789783988833,0.863017614637113,0.303005368695796
ENSG00000176715,0.769230769230769,0.230769230769231,-5.55111512312578e-17,2.3,27.78,0.0268962761372902,0.760789783988833,0.892522066994212,0.433259517441416
ENSG00000177728,0.769230769230769,0.230769230769231,-5.55111512312578e-17,3.1,28.39,0.0268962761372902,0.760789783988833,0.871564202971572,0.41633520273499
ENSG00000177854,0.769230769230769,0.205128205128205,0.0256410256410256,5.69,26.3,0.0268962761372902,0.803911698330266,0.785199852966426,0.474772721702393
ENSG00000177873,0.769230769230769,0.205128205128205,0.0256410256410256,4.7,25.7,0.0268962761372902,0.803911698330266,0.821564424086706,0.491706793799065
ENSG00000178301,0.769230769230769,0.205128205128205,0.0256410256410256,4.6,36.7,0.0268962761372902,0.803911698330266,0.825008686586126,0.211931156844313
ENSG00000178386,0.769230769230769,0.153846153846154,0.0769230769230769,4.6,31.99,0.0268962761372902,0.874791989656592,0.825008686586126,0.320533776524028
ENSG00000178802,0.769230769230769,0.230769230769231,-5.55111512312578e-17,2.6,25.29,0.0268962761372902,0.760789783988833,0.884971905050812,0.503288871709386
ENSG00000179476,0.769230769230769,0.230769230769231,-5.55111512312578e-17,4.8,33.35,0.0268962761372902,0.760789783988833,0.818077762699646,0.286883231189371
ENSG00000179832,0.769230769230769,0.17948717948718,0.0512820512820512,2.5,23,0.0268962761372902,0.841950876695965,0.887529436261559,0.567655004724135
ENSG00000179912,0.769230769230769,0.17948717948718,0.0512820512820512,3.3,14.98,0.0268962761372902,0.841950876695965,0.865908634720371,0.769843562908472
ENSG00000181035,0.769230769230769,0.230769230769231,-5.55111512312578e-17,4,35.79,0.0268962761372902,0.760789783988833,0.844780266977081,0.23107895670734
ENSG00000182858,0.769230769230769,0.153846153846154,0.0769230769230769,1.9,21.68,0.0268962761372902,0.874791989656592,0.902024042854296,0.604064184544436
ENSG00000183828,0.769230769230769,0.17948717948718,0.0512820512820512,2.4,30.99,0.0268962761372902,0.841950876695965,0.890046084622518,0.346276380669796
ENSG00000184117,0.769230769230769,0.230769230769231,-5.55111512312578e-17,6.49,26.29,0.0268962761372902,0.760789783988833,0.752898539513842,0.475054668162533
ENSG00000184227,0.769230769230769,0.153846153846154,0.0769230769230769,6.7,36.59,0.0268962761372902,0.874791989656592,0.744008242443967,0.214195200215616
ENSG00000184863,0.769230769230769,0.230769230769231,-5.55111512312578e-17,4.4,21.95,0.0268962761372902,0.760789783988833,0.831769693441216,0.596679378748825
ENSG00000185129,0.769230769230769,0.205128205128205,0.0256410256410256,6.2,18.74,0.0268962761372902,0.803911698330266,0.764898894371486,0.681562591601039
ENSG00000185324,0.769230769230769,0.205128205128205,0.0256410256410256,2.7,33.1,0.0268962761372902,0.803911698330266,0.882373285141592,0.292942189570341
ENSG00000185561,0.769230769230769,0.205128205128205,0.0256410256410256,5.5,45.19,0.0268962761372902,0.803911698330266,0.79249446110269,0.0806151797859615
ENSG00000186654,0.769230769230769,0.230769230769231,-5.55111512312578e-17,4.6,31.29,0.0268962761372902,0.760789783988833,0.825008686586126,0.338471891248284
ENSG00000187609,0.769230769230769,0.230769230769231,-5.55111512312578e-17,4.4,29.09,0.0268962761372902,0.760789783988833,0.831769693441216,0.397105090390408
ENSG00000188315,0.769230769230769,0.205128205128205,0.0256410256410256,6.6,27.79,0.0268962761372902,0.803911698330266,0.748262420151652,0.43298099139352
ENSG00000189114,0.769230769230769,0.205128205128205,0.0256410256410256,5.8,15.5,0.0268962761372902,0.803911698330266,0.780909433695944,0.758507199549722
ENSG00000189339,0.769230769230769,0.230769230769231,-5.55111512312578e-17,2.3,17.49,0.0268962761372902,0.760789783988833,0.892522066994212,0.712461379303696
ENSG00000196268,0.769230769230769,0.205128205128205,0.0256410256410256,6.7,34.36,0.0268962761372902,0.803911698330266,0.744008242443967,0.263029052168973
ENSG00000197841,0.769230769230769,0.230769230769231,-5.55111512312578e-17,2.4,25.58,0.0268962761372902,0.760789783988833,0.890046084622518,0.495096382097977
ENSG00000198133,0.769230769230769,0.230769230769231,-5.55111512312578e-17,3.6,58.55,0.0268962761372902,0.760789783988833,0.857108564188831,0.00946225802994294
ENSG00000203772,0.769230769230769,0.230769230769231,-5.55111512312578e-17,4.58,42.46,0.0268962761372902,0.760789783988833,0.825692443515086,0.11359585545117
ENSG00000204172,0.769230769230769,0.153846153846154,0.0769230769230769,2.3,42.89,0.0268962761372902,0.874791989656592,0.892522066994212,0.107844241701711
ENSG00000204305,0.769230769230769,0.230769230769231,-5.55111512312578e-17,5.78,37,0.0268962761372902,0.760789783988833,0.781693155108234,0.205828095886817
ENSG00000204351,0.769230769230769,0.205128205128205,0.0256410256410256,3.3,18.47,0.0268962761372902,0.803911698330266,0.865908634720371,0.688354838431627
ENSG00000213930,0.769230769230769,0.230769230769231,-5.55111512312578e-17,3.5,32,0.0268962761372902,0.760789783988833,0.860084289217122,0.320280404867162
ENSG00000221890,0.769230769230769,0.17948717948718,0.0512820512820512,6.5,51.1,0.0268962761372902,0.841950876695965,0.752478969797642,0.034421127118587
ENSG00000221947,0.769230769230769,0.102564102564103,0.128205128205128,4.3,55.39,0.0268962761372902,0.925490078212834,0.835086316719727,0.0168667165674494
ENSG00000227507,0.769230769230769,0.128205128205128,0.102564102564103,5.1,38.87,0.0268962761372902,0.902541686555993,0.80736447082873,0.170192729639367
ENSG00000241127,0.769230769230769,0.205128205128205,0.0256410256410256,5,24.87,0.0268962761372902,0.803911698330266,0.810977661229966,0.515150483136329
ENSG00000242612,0.769230769230769,0.205128205128205,0.0256410256410256,4.3,31.09,0.0268962761372902,0.803911698330266,0.835086316719727,0.343667422797813
ENSG00000243156,0.769230769230769,0.230769230769231,-5.55111512312578e-17,4.5,38.29,0.0268962761372902,0.760789783988833,0.828410465845184,0.180796972309557
ENSG00000250479,0.769230769230769,0.230769230769231,-5.55111512312578e-17,4.5,29.59,0.0268962761372902,0.760789783988833,0.828410465845184,0.38351798548904
ENSG00000258839,0.769230769230769,0.230769230769231,-5.55111512312578e-17,4.7,40.48,0.0268962761372902,0.760789783988833,0.821564424086706,0.142892526406397
ENSG00000264522,0.769230769230769,0.205128205128205,0.0256410256410256,4.68,30.28,0.0268962761372902,0.803911698330266,0.82225667142754,0.365003757904987
ENSG00000267796,0.769230769230769,0.205128205128205,0.0256410256410256,4.98,30.48,0.0268962761372902,0.803911698330266,0.811695257950952,0.359693474255715
ENSG00000275023,0.769230769230769,0.230769230769231,-5.55111512312578e-17,4.6,34.6,0.0268962761372902,0.760789783988833,0.825008686586126,0.257513540526816
ENSG00000278619,0.769230769230769,0.205128205128205,0.0256410256410256,5.5,32.79,0.0268962761372902,0.803911698330266,0.79249446110269,0.300536697105001
ENSG00000003147,0.743589743589744,0.205128205128205,0.0512820512820513,3.1,33.27,0.039649803911943,0.803911698330266,0.871564202971572,0.288815627931797
ENSG00000006695,0.743589743589744,0.256410256410256,0,3.8,16.28,0.039649803911943,0.712946764021591,0.851029606950478,0.740949084619396
ENSG00000013523,0.743589743589744,0.205128205128205,0.0512820512820513,3.3,30.38,0.039649803911943,0.803911698330266,0.865908634720371,0.36234530509271
ENSG00000019485,0.743589743589744,0.256410256410256,0,2.8,31.96,0.039649803911943,0.712946764021591,0.879733381984714,0.321294393064207
ENSG00000050426,0.743589743589744,0.256410256410256,0,4.6,23.19,0.039649803911943,0.712946764021591,0.825008686586126,0.562358867540339
ENSG00000053501,0.743589743589744,0.205128205128205,0.0512820512820513,5.38,22.8,0.039649803911943,0.803911698330266,0.797025174440378,0.573216765403722
ENSG00000053770,0.743589743589744,0.205128205128205,0.0512820512820513,4.67,13.45,0.039649803911943,0.803911698330266,0.822602158867462,0.801412265146208
ENSG00000054148,0.743589743589744,0.230769230769231,0.0256410256410256,5.6,17.35,0.039649803911943,0.760789783988833,0.788673602768502,0.715831924916253
ENSG00000059378,0.743589743589744,0.256410256410256,0,5.99,35.4,0.039649803911943,0.712946764021591,0.773383834456701,0.239571720242849
ENSG00000063176,0.743589743589744,0.256410256410256,0,4.3,29.79,0.039649803911943,0.712946764021591,0.835086316719727,0.378121973915134
ENSG00000067221,0.743589743589744,0.230769230769231,0.0256410256410256,5.6,39.19,0.039649803911943,0.760789783988833,0.788673602768502,0.164516313231424
ENSG00000073169,0.743589743589744,0.230769230769231,0.0256410256410256,3.7,22.45,0.039649803911943,0.760789783988833,0.854090358978616,0.582914264556182
ENSG00000076258,0.743589743589744,0.205128205128205,0.0512820512820513,5.7,31.3,0.039649803911943,0.803911698330266,0.784811843500456,0.338212909906676
ENSG00000076356,0.743589743589744,0.256410256410256,0,5.2,34.5,0.039649803911943,0.712946764021591,0.803709381159215,0.259804347741592
ENSG00000076924,0.743589743589744,0.230769230769231,0.0256410256410256,4.1,18.58,0.039649803911943,0.760789783988833,0.841591617512686,0.685595184096052
ENSG00000076984,0.743589743589744,0.230769230769231,0.0256410256410256,2.2,31.41,0.039649803911943,0.760789783988833,0.89495761095824,0.335369189474072
ENSG00000081791,0.743589743589744,0.230769230769231,0.0256410256410256,2.69,21.27,0.039649803911943,0.760789783988833,0.882635001758455,0.615206261225012
ENSG00000086696,0.743589743589744,0.0769230769230769,0.179487179487179,1.9,96.39,0.039649803911943,0.944063840721406,0.902024042854296,2.4962712419363e-07
ENSG00000095539,0.743589743589744,0.256410256410256,0,3.6,64.29,0.039649803911943,0.712946764021591,0.857108564188831,0.00294822981283693
ENSG00000099326,0.743589743589744,0.230769230769231,0.0256410256410256,5.1,28.8,0.039649803911943,0.760789783988833,0.80736447082873,0.405044397099943
ENSG00000099377,0.743589743589744,0.230769230769231,0.0256410256410256,5.6,29.69,0.039649803911943,0.760789783988833,0.788673602768502,0.380817082021221
ENSG00000099795,0.743589743589744,0.230769230769231,0.0256410256410256,2.9,13.9,0.039649803911943,0.760789783988833,0.877052012614735,0.79240957287208
ENSG00000099937,0.743589743589744,0.0769230769230769,0.179487179487179,1.4,49.79,0.039649803911943,0.944063840721406,0.913016793161779,0.0421118684629154
ENSG00000100023,0.743589743589744,0.230769230769231,0.0256410256410256,2.49,24.25,0.039649803911943,0.760789783988833,0.887782937333049,0.532632971294269
ENSG00000100150,0.743589743589744,0.205128205128205,0.0512820512820513,1.9,22.69,0.039649803911943,0.803911698330266,0.902024042854296,0.576269613673832
ENSG00000100239,0.743589743589744,0.205128205128205,0.0512820512820513,5.95,16.17,0.039649803911943,0.803911698330266,0.774980188938081,0.743464594818588
ENSG00000100290,0.743589743589744,0.205128205128205,0.0512820512820513,4.79,36.3,0.039649803911943,0.803911698330266,0.8184283340526,0.220231057998805
ENSG00000100294,0.743589743589744,0.230769230769231,0.0256410256410256,3.4,27.07,0.039649803911943,0.760789783988833,0.863017614637113,0.453111462702496
ENSG00000100429,0.743589743589744,0.230769230769231,0.0256410256410256,5.1,19.4,0.039649803911943,0.760789783988833,0.80736447082873,0.664704076374428
ENSG00000101417,0.743589743589744,0.230769230769231,0.0256410256410256,4,20.1,0.039649803911943,0.760789783988833,0.844780266977081,0.646454710919515
ENSG00000101577,0.743589743589744,0.256410256410256,0,5.3,15.07,0.039649803911943,0.712946764021591,0.800012558319403,0.767903061824537
ENSG00000102387,0.743589743589744,0.128205128205128,0.128205128205128,2.7,27.1,0.039649803911943,0.902541686555993,0.882373285141592,0.452269913557831
ENSG00000102882,0.743589743589744,0.230769230769231,0.0256410256410256,5.2,14.7,0.039649803911943,0.760789783988833,0.803709381159215,0.775822262866179
ENSG00000103150,0.743589743589744,0.256410256410256,0,5.4,34.7,0.039649803911943,0.712946764021591,0.796274185105267,0.255233269983267
ENSG00000103254,0.743589743589744,0.205128205128205,0.0512820512820513,2.9,22.38,0.039649803911943,0.803911698330266,0.877052012614735,0.584847923781553
ENSG00000104679,0.743589743589744,0.205128205128205,0.0512820512820513,2.3,22.97,0.039649803911943,0.803911698330266,0.892522066994212,0.568490152050296
ENSG00000104814,0.743589743589744,0.17948717948718,0.0769230769230769,6.5,25.48,0.039649803911943,0.841950876695965,0.752478969797642,0.497921319866324
ENSG00000105053,0.743589743589744,0.256410256410256,0,3,17.48,0.039649803911943,0.712946764021591,0.874329005930487,0.712702758205428
ENSG00000105223,0.743589743589744,0.256410256410256,0,3.8,19.76,0.039649803911943,0.712946764021591,0.851029606950478,0.655363919269115
ENSG00000105617,0.743589743589744,0.230769230769231,0.0256410256410256,3.78,21.58,0.039649803911943,0.760789783988833,0.851645163825774,0.606789999921902
ENSG00000105662,0.743589743589744,0.256410256410256,0,6.48,47,0.039649803911943,0.712946764021591,0.753317728499608,0.063117589327491
ENSG00000105738,0.743589743589744,0.256410256410256,0,4.9,39.98,0.039649803911943,0.712946764021591,0.814548802860346,0.151034430337442
ENSG00000109072,0.743589743589744,0.153846153846154,0.102564102564103,3.1,43.19,0.039649803911943,0.874791989656592,0.871564202971572,0.103957667278659
ENSG00000113272,0.743589743589744,0.256410256410256,0,2.5,24.2,0.039649803911943,0.712946764021591,0.887529436261559,0.534040561934909
ENSG00000113790,0.743589743589744,0.230769230769231,0.0256410256410256,2.9,47.3,0.039649803911943,0.760789783988833,0.877052012614735,0.0605273118513906
ENSG00000115257,0.743589743589744,0.230769230769231,0.0256410256410256,3.5,42.68,0.039649803911943,0.760789783988833,0.860084289217122,0.110626415829356
ENSG00000119720,0.743589743589744,0.205128205128205,0.0512820512820513,2.7,21.19,0.039649803911943,0.803911698330266,0.882373285141592,0.617369591390128
ENSG00000119927,0.743589743589744,0.256410256410256,0,5.5,41.16,0.039649803911943,0.712946764021591,0.79249446110269,0.132303775159527
ENSG00000121073,0.743589743589744,0.230769230769231,0.0256410256410256,4.2,15.59,0.039649803911943,0.760789783988833,0.838360298623454,0.756514802511642
ENSG00000122912,0.743589743589744,0.256410256410256,0,5.9,31.49,0.039649803911943,0.712946764021591,0.7769666407993,0.333306926251998
ENSG00000123191,0.743589743589744,0.256410256410256,0,6.15,43.29,0.039649803911943,0.712946764021591,0.766934891839417,0.102684991774084
ENSG00000124181,0.743589743589744,0.230769230769231,0.0256410256410256,3.9,22.89,0.039649803911943,0.760789783988833,0.847926255639261,0.570715705429632
ENSG00000124602,0.743589743589744,0.230769230769231,0.0256410256410256,5.98,62.88,0.039649803911943,0.760789783988833,0.773783521283127,0.00398146946649913
ENSG00000125170,0.743589743589744,0.256410256410256,0,6.28,26.78,0.039649803911943,0.712946764021591,0.76162096195469,0.461256738321742
ENSG00000125458,0.743589743589744,0.205128205128205,0.0512820512820513,3.8,16.2,0.039649803911943,0.803911698330266,0.851029606950478,0.742779810688764
ENSG00000125652,0.743589743589744,0.256410256410256,0,3.4,22.09,0.039649803911943,0.712946764021591,0.863017614637113,0.592836422126754
ENSG00000127452,0.743589743589744,0.256410256410256,0,3.2,17.7,0.039649803911943,0.712946764021591,0.868757457190533,0.70737041220752
ENSG00000127481,0.743589743589744,0.230769230769231,0.0256410256410256,3.2,15.37,0.039649803911943,0.760789783988833,0.868757457190533,0.761369404876612
ENSG00000127580,0.743589743589744,0.256410256410256,0,1.5,12,0.039649803911943,0.712946764021591,0.910895374887103,0.828780242407332
ENSG00000127884,0.743589743589744,0.256410256410256,0,2.9,16.89,0.039649803911943,0.712946764021591,0.877052012614735,0.726771558819077
ENSG00000128928,0.743589743589744,0.256410256410256,0,6.28,27.07,0.039649803911943,0.712946764021591,0.76162096195469,0.453111462702496
ENSG00000129197,0.743589743589744,0.256410256410256,0,5.4,26.57,0.039649803911943,0.712946764021591,0.796274185105267,0.46716540360099
ENSG00000129214,0.743589743589744,0.17948717948718,0.0769230769230769,5.2,56.49,0.039649803911943,0.841950876695965,0.803709381159215,0.0138631054752864
ENSG00000130175,0.743589743589744,0.230769230769231,0.0256410256410256,2.9,12.68,0.039649803911943,0.760789783988833,0.877052012614735,0.81625977962671
ENSG00000130193,0.743589743589744,0.230769230769231,0.0256410256410256,5.6,36.17,0.039649803911943,0.760789783988833,0.788673602768502,0.222968135029502
ENSG00000130517,0.743589743589744,0.256410256410256,0,4,34.59,0.039649803911943,0.712946764021591,0.844780266977081,0.257742148188205
ENSG00000130590,0.743589743589744,0.256410256410256,0,6.58,37.8,0.039649803911943,0.712946764021591,0.749108753501364,0.190071344222415
ENSG00000132005,0.743589743589744,0.230769230769231,0.0256410256410256,2.5,19.85,0.039649803911943,0.760789783988833,0.887529436261559,0.653013728200251
ENSG00000132199,0.743589743589744,0.256410256410256,0,4.7,31.28,0.039649803911943,0.712946764021591,0.821564424086706,0.338730949009876
ENSG00000132466,0.743589743589744,0.230769230769231,0.0256410256410256,2.8,18.87,0.039649803911943,0.760789783988833,0.879733381984714,0.678270167335642
ENSG00000132570,0.743589743589744,0.256410256410256,0,4.3,31.98,0.039649803911943,0.712946764021591,0.835086316719727,0.320787231842186
ENSG00000133056,0.743589743589744,0.230769230769231,0.0256410256410256,5,29.2,0.039649803911943,0.760789783988833,0.810977661229966,0.394104556187705
ENSG00000133313,0.743589743589744,0.230769230769231,0.0256410256410256,4.3,18.7,0.039649803911943,0.760789783988833,0.835086316719727,0.682572782951153
ENSG00000134086,0.743589743589744,0.256410256410256,0,4.68,8.39,0.039649803911943,0.712946764021591,0.82225667142754,0.885897005294173
ENSG00000135124,0.743589743589744,0.205128205128205,0.0512820512820513,5.7,42.79,0.039649803911943,0.803911698330266,0.784811843500456,0.109162736896857
ENSG00000135424,0.743589743589744,0.230769230769231,0.0256410256410256,4.1,47.39,0.039649803911943,0.760789783988833,0.841591617512686,0.0597666666402027
ENSG00000136870,0.743589743589744,0.230769230769231,0.0256410256410256,4.3,27.6,0.039649803911943,0.760789783988833,0.835086316719727,0.438278523802975
ENSG00000137343,0.743589743589744,0.230769230769231,0.0256410256410256,3.8,31.69,0.039649803911943,0.760789783988833,0.851029606950478,0.328173377763877
ENSG00000137628,0.743589743589744,0.256410256410256,0,6,42.8,0.039649803911943,0.712946764021591,0.772983749337499,0.109030368478342
ENSG00000137842,0.743589743589744,0.256410256410256,0,4.3,35.9,0.039649803911943,0.712946764021591,0.835086316719727,0.228714300474232
ENSG00000138100,0.743589743589744,0.0769230769230769,0.179487179487179,2.88,72.76,0.039649803911943,0.944063840721406,0.877591612171723,0.000399306483939266
ENSG00000139410,0.743589743589744,0.256410256410256,0,5.7,42.7,0.039649803911943,0.712946764021591,0.784811843500456,0.110359251418796
ENSG00000139540,0.743589743589744,0.128205128205128,0.128205128205128,3.5,100.37,0.039649803911943,0.902541686555993,0.860084289217122,5.52846041168564e-08
ENSG00000140326,0.743589743589744,0.256410256410256,0,4.38,29.05,0.039649803911943,0.712946764021591,0.83243642785164,0.39819771577979
ENSG00000140398,0.743589743589744,0.230769230769231,0.0256410256410256,4.7,48,0.039649803911943,0.760789783988833,0.821564424086706,0.0548068780431723
ENSG00000140464,0.743589743589744,0.230769230769231,0.0256410256410256,6.5,31.47,0.039649803911943,0.760789783988833,0.752478969797642,0.333822022895341
ENSG00000140990,0.743589743589744,0.256410256410256,0,4.9,12.29,0.039649803911943,0.712946764021591,0.814548802860346,0.823508862937517
ENSG00000141542,0.743589743589744,0.256410256410256,0,5.8,40.4,0.039649803911943,0.712946764021591,0.780909433695944,0.144174905210812
ENSG00000142784,0.743589743589744,0.256410256410256,0,5.68,16.39,0.039649803911943,0.712946764021591,0.785587455654909,0.738420879110148
ENSG00000144029,0.743589743589744,0.205128205128205,0.0512820512820513,2.8,21.84,0.039649803911943,0.803911698330266,0.879733381984714,0.599692328564179
ENSG00000144504,0.743589743589744,0.230769230769231,0.0256410256410256,6.4,20.6,0.039649803911943,0.760789783988833,0.756657487279276,0.633207135675248
ENSG00000144591,0.743589743589744,0.256410256410256,0,4.29,16.4,0.039649803911943,0.712946764021591,0.835415634249249,0.738190415824459
ENSG00000144648,0.743589743589744,0.230769230769231,0.0256410256410256,1.8,36.65,0.039649803911943,0.760789783988833,0.904300313099862,0.212958527463829
ENSG00000146830,0.743589743589744,0.256410256410256,0,3.6,28.6,0.039649803911943,0.712946764021591,0.857108564188831,0.410542855970873
ENSG00000147124,0.743589743589744,0.230769230769231,0.0256410256410256,5.78,10.79,0.039649803911943,0.760789783988833,0.781693155108234,0.849675006403828
ENSG00000147912,0.743589743589744,0.230769230769231,0.0256410256410256,6.6,33.59,0.039649803911943,0.760789783988833,0.748262420151652,0.281123097394022
ENSG00000147955,0.743589743589744,0.256410256410256,0,6.7,22.2,0.039649803911943,0.712946764021591,0.744008242443967,0.589810654161181
ENSG00000148737,0.743589743589744,0.230769230769231,0.0256410256410256,6.7,29.78,0.039649803911943,0.760789783988833,0.744008242443967,0.378391220438834
ENSG00000148824,0.743589743589744,0.256410256410256,0,3.09,35.85,0.039649803911943,0.712946764021591,0.871842568374936,0.22978745622084
ENSG00000149743,0.743589743589744,0.230769230769231,0.0256410256410256,3.69,13,0.039649803911943,0.760789783988833,0.854394093117257,0.810175329732764
ENSG00000151552,0.743589743589744,0.230769230769231,0.0256410256410256,3.99,16.97,0.039649803911943,0.760789783988833,0.845096785307986,0.724884093028329
ENSG00000151611,0.743589743589744,0.230769230769231,0.0256410256410256,5.08,23.29,0.039649803911943,0.760789783988833,0.80809046587281,0.559566870628683
ENSG00000151687,0.743589743589744,0.205128205128205,0.0512820512820513,3.9,26.69,0.039649803911943,0.803911698330266,0.847926255639261,0.46378805313902
ENSG00000152782,0.743589743589744,0.256410256410256,0,4.7,33.8,0.039649803911943,0.712946764021591,0.821564424086706,0.27612925062585
ENSG00000153406,0.743589743589744,0.256410256410256,0,5.99,17.9,0.039649803911943,0.712946764021591,0.773383834456701,0.702483294228109
ENSG00000154781,0.743589743589744,0.230769230769231,0.0256410256410256,3,16.7,0.039649803911943,0.760789783988833,0.874329005930487,0.731228419767302
ENSG00000155034,0.743589743589744,0.256410256410256,0,4.19,30.37,0.039649803911943,0.712946764021591,0.838685350572526,0.36261085430981
ENSG00000155749,0.743589743589744,0.205128205128205,0.0512820512820513,4.9,17.95,0.039649803911943,0.803911698330266,0.814548802860346,0.701255716828119
ENSG00000156463,0.743589743589744,0.256410256410256,0,6.3,55.19,0.039649803911943,0.712946764021591,0.760797585490613,0.017468794349001
ENSG00000158864,0.743589743589744,0.205128205128205,0.0512820512820513,2.3,15.48,0.039649803911943,0.803911698330266,0.892522066994212,0.75894874889954
ENSG00000159445,0.743589743589744,0.230769230769231,0.0256410256410256,5.9,31.69,0.039649803911943,0.760789783988833,0.7769666407993,0.328173377763877
ENSG00000160094,0.743589743589744,0.230769230769231,0.0256410256410256,4.6,21.1,0.039649803911943,0.760789783988833,0.825008686586126,0.619798964473194
ENSG00000160113,0.743589743589744,0.256410256410256,0,3.8,29.7,0.039649803911943,0.712946764021591,0.851029606950478,0.380547308392748
ENSG00000160282,0.743589743589744,0.128205128205128,0.128205128205128,4.18,52.94,0.039649803911943,0.902541686555993,0.839009975865673,0.0256029297471521
ENSG00000160293,0.743589743589744,0.230769230769231,0.0256410256410256,4.6,32.29,0.039649803911943,0.760789783988833,0.825008686586126,0.312969462577212
ENSG00000161558,0.743589743589744,0.230769230769231,0.0256410256410256,4.4,36.69,0.039649803911943,0.760789783988833,0.831769693441216,0.212136398716586
ENSG00000162241,0.743589743589744,0.205128205128205,0.0512820512820513,5.2,29.18,0.039649803911943,0.803911698330266,0.803709381159215,0.394649646282945
ENSG00000162522,0.743589743589744,0.205128205128205,0.0512820512820513,6.5,36,0.039649803911943,0.803911698330266,0.752478969797642,0.226576454339381
ENSG00000162650,0.743589743589744,0.230769230769231,0.0256410256410256,3.7,23.78,0.039649803911943,0.760789783988833,0.854090358978616,0.545845814226162
ENSG00000162878,0.743589743589744,0.17948717948718,0.0769230769230769,3.88,58.89,0.039649803911943,0.841950876695965,0.84855033588052,0.00886782829542698
ENSG00000162927,0.743589743589744,0.256410256410256,0,3.9,33.79,0.039649803911943,0.712946764021591,0.847926255639261,0.276366062002639
ENSG00000163382,0.743589743589744,0.256410256410256,0,4.9,17.3,0.039649803911943,0.712946764021591,0.814548802860346,0.717031095848032
ENSG00000163463,0.743589743589744,0.230769230769231,0.0256410256410256,4.78,21.07,0.039649803911943,0.760789783988833,0.818778482299943,0.62060771170037
ENSG00000163482,0.743589743589744,0.205128205128205,0.0512820512820513,2.7,29.89,0.039649803911943,0.803911698330266,0.882373285141592,0.375432783589445
ENSG00000163541,0.743589743589744,0.17948717948718,0.0769230769230769,4.7,25.25,0.039649803911943,0.841950876695965,0.821564424086706,0.504418839342439
ENSG00000163795,0.743589743589744,0.230769230769231,0.0256410256410256,4.19,27.27,0.039649803911943,0.760789783988833,0.838685350572526,0.447505294321152
ENSG00000164040,0.743589743589744,0.230769230769231,0.0256410256410256,4.7,25.6,0.039649803911943,0.760789783988833,0.821564424086706,0.494531419517705
ENSG00000164074,0.743589743589744,0.256410256410256,0,5.78,25.19,0.039649803911943,0.712946764021591,0.781693155108234,0.506113721486639
ENSG00000164307,0.743589743589744,0.230769230769231,0.0256410256410256,3.3,26.5,0.039649803911943,0.760789783988833,0.865908634720371,0.46913663268383
ENSG00000165171,0.743589743589744,0.205128205128205,0.0512820512820513,4.6,49.69,0.039649803911943,0.803911698330266,0.825008686586126,0.0427519963638843
ENSG00000165516,0.743589743589744,0.230769230769231,0.0256410256410256,5.78,16.78,0.039649803911943,0.760789783988833,0.781693155108234,0.729356305265773
ENSG00000165995,0.743589743589744,0.230769230769231,0.0256410256410256,6.58,42.39,0.039649803911943,0.760789783988833,0.749108753501364,0.114552487640146
ENSG00000166188,0.743589743589744,0.256410256410256,0,4.5,18.29,0.039649803911943,0.712946764021591,0.828410465845184,0.692847846739284
ENSG00000166189,0.743589743589744,0.205128205128205,0.0512820512820513,2.6,18.48,0.039649803911943,0.803911698330266,0.884971905050812,0.688104394337856
ENSG00000166321,0.743589743589744,0.230769230769231,0.0256410256410256,4,32.08,0.039649803911943,0.760789783988833,0.844780266977081,0.318256455321926
ENSG00000166819,0.743589743589744,0.153846153846154,0.102564102564103,3.9,47.18,0.039649803911943,0.874791989656592,0.847926255639261,0.0615532621139454
ENSG00000167380,0.743589743589744,0.230769230769231,0.0256410256410256,5.9,21.09,0.039649803911943,0.760789783988833,0.7769666407993,0.620068605280362
ENSG00000168061,0.743589743589744,0.256410256410256,0,6.8,15.75,0.039649803911943,0.712946764021591,0.739716857712426,0.752950947532096
ENSG00000170927,0.743589743589744,0.0512820512820513,0.205128205128205,1.8,70.89,0.039649803911943,0.958776837531475,0.904300313099862,0.000639046802067611
ENSG00000171045,0.743589743589744,0.256410256410256,0,5.7,27.5,0.039649803911943,0.712946764021591,0.784811843500456,0.441071209875694
ENSG00000171365,0.743589743589744,0.256410256410256,0,4.6,32.2,0.039649803911943,0.712946764021591,0.825008686586126,0.315230692815953
ENSG00000171448,0.743589743589744,0.256410256410256,0,5.7,15.86,0.039649803911943,0.712946764021591,0.784811843500456,0.750484703546329
ENSG00000171475,0.743589743589744,0.256410256410256,0,4.4,10.46,0.039649803911943,0.712946764021591,0.831769693441216,0.855065489455769
ENSG00000171634,0.743589743589744,0.230769230769231,0.0256410256410256,4.8,13.08,0.039649803911943,0.760789783988833,0.818077762699646,0.808635073454279
ENSG00000171984,0.743589743589744,0.205128205128205,0.0512820512820513,2.8,25.38,0.039649803911943,0.803911698330266,0.879733381984714,0.500746361869055
ENSG00000172046,0.743589743589744,0.230769230769231,0.0256410256410256,3.08,12.39,0.039649803911943,0.760789783988833,0.872120514480524,0.821667593365988
ENSG00000174080,0.743589743589744,0.17948717948718,0.0769230769230769,5.89,33.99,0.039649803911943,0.841950876695965,0.777362729353104,0.271648855382863
ENSG00000176428,0.743589743589744,0.256410256410256,0,6.7,29.69,0.039649803911943,0.712946764021591,0.744008242443967,0.380817082021221
ENSG00000176476,0.743589743589744,0.256410256410256,0,2,25.99,0.039649803911943,0.712946764021591,0.89970834583115,0.483518237420575
ENSG00000176485,0.743589743589744,0.256410256410256,0,5.8,48.8,0.039649803911943,0.712946764021591,0.780909433695944,0.0488019616660035
ENSG00000176919,0.743589743589744,0.17948717948718,0.0769230769230769,2.8,48.2,0.039649803911943,0.841950876695965,0.879733381984714,0.0532534847047183
ENSG00000178093,0.743589743589744,0.230769230769231,0.0256410256410256,3.3,34.8,0.039649803911943,0.760789783988833,0.865908634720371,0.252963601463287
ENSG00000178449,0.743589743589744,0.256410256410256,0,6.8,12.57,0.039649803911943,0.712946764021591,0.739716857712426,0.818322932947578
ENSG00000178935,0.743589743589744,0.256410256410256,0,3.2,24.6,0.039649803911943,0.712946764021591,0.868757457190533,0.522769390740872
ENSG00000179943,0.743589743589744,0.230769230769231,0.0256410256410256,3.1,19.56,0.039649803911943,0.760789783988833,0.871564202971572,0.660565035228897
ENSG00000181513,0.743589743589744,0.256410256410256,0,6.48,36.69,0.039649803911943,0.712946764021591,0.753317728499608,0.212136398716586
ENSG00000182871,0.743589743589744,0.256410256410256,0,5.5,29,0.039649803911943,0.712946764021591,0.79249446110269,0.399564619901988
ENSG00000183048,0.743589743589744,0.205128205128205,0.0512820512820513,6.3,31.48,0.039649803911943,0.803911698330266,0.760797585490613,0.333564435353794
ENSG00000183208,0.743589743589744,0.256410256410256,0,6.88,41.78,0.039649803911943,0.712946764021591,0.736257254573715,0.123132056276213
ENSG00000185267,0.743589743589744,0.230769230769231,0.0256410256410256,6.27,44.25,0.039649803911943,0.760789783988833,0.762032067425658,0.0910395440202538
ENSG00000185339,0.743589743589744,0.230769230769231,0.0256410256410256,6.88,44.09,0.039649803911943,0.760789783988833,0.736257254573715,0.0929092696690454
ENSG00000185973,0.743589743589744,0.230769230769231,0.0256410256410256,3,16.89,0.039649803911943,0.760789783988833,0.874329005930487,0.726771558819077
ENSG00000186026,0.743589743589744,0.256410256410256,0,4,30.28,0.039649803911943,0.712946764021591,0.844780266977081,0.365003757904987
ENSG00000186260,0.743589743589744,0.230769230769231,0.0256410256410256,4,22.3,0.039649803911943,0.760789783988833,0.844780266977081,0.587055303410534
ENSG00000188033,0.743589743589744,0.256410256410256,0,6.2,21.09,0.039649803911943,0.712946764021591,0.764898894371486,0.620068605280362
ENSG00000196074,0.743589743589744,0.153846153846154,0.102564102564103,5.7,25.3,0.039649803911943,0.874791989656592,0.784811843500456,0.50300637532404
ENSG00000196436,0.743589743589744,0.17948717948718,0.0769230769230769,4.97,40.09,0.039649803911943,0.841950876695965,0.812053425210112,0.149217241126788
ENSG00000196689,0.743589743589744,0.256410256410256,0,4.2,46.2,0.039649803911943,0.712946764021591,0.838360298623454,0.0704473759678066
ENSG00000197077,0.743589743589744,0.256410256410256,0,4.2,33.89,0.039649803911943,0.712946764021591,0.838360298623454,0.274002441805507
ENSG00000197102,0.743589743589744,0.256410256410256,0,5.69,19.96,0.039649803911943,0.712946764021591,0.785199852966426,0.650133267059389
ENSG00000197150,0.743589743589744,0.205128205128205,0.0512820512820513,2.9,28.49,0.039649803911943,0.803911698330266,0.877052012614735,0.413574594013234
ENSG00000197162,0.743589743589744,0.205128205128205,0.0512820512820513,3.8,34.09,0.039649803911943,0.803911698330266,0.851029606950478,0.269305377657975
ENSG00000197165,0.743589743589744,0.205128205128205,0.0512820512820513,3.2,69.69,0.039649803911943,0.803911698330266,0.868757457190533,0.000856703863600483
ENSG00000197375,0.743589743589744,0.256410256410256,0,3.8,40.6,0.039649803911943,0.712946764021591,0.851029606950478,0.140983452190759
ENSG00000198799,0.743589743589744,0.256410256410256,0,5.1,29.6,0.039649803911943,0.712946764021591,0.80736447082873,0.383247637857449
ENSG00000204099,0.743589743589744,0.0256410256410256,0.230769230769231,1.1,76.37,0.039649803911943,0.970183432030237,0.919154587606419,0.00015374195677953
ENSG00000204348,0.743589743589744,0.230769230769231,0.0256410256410256,4.99,19.57,0.039649803911943,0.760789783988833,0.811336669911317,0.660305694423709
ENSG00000204946,0.743589743589744,0.205128205128205,0.0512820512820513,6,28.47,0.039649803911943,0.803911698330266,0.772983749337499,0.41412637874544
ENSG00000205138,0.743589743589744,0.256410256410256,0,4.38,19.87,0.039649803911943,0.712946764021591,0.83243642785164,0.652490659319044
ENSG00000205643,0.743589743589744,0.256410256410256,0,4.7,22.18,0.039649803911943,0.712946764021591,0.821564424086706,0.590361197297656
ENSG00000213983,0.743589743589744,0.230769230769231,0.0256410256410256,4.8,22.8,0.039649803911943,0.760789783988833,0.818077762699646,0.573216765403722
ENSG00000214193,0.743589743589744,0.205128205128205,0.0512820512820513,5.4,25.59,0.039649803911943,0.803911698330266,0.796274185105267,0.494813899507614
ENSG00000214562,0.743589743589744,0.153846153846154,0.102564102564103,3.1,23.94,0.039649803911943,0.874791989656592,0.871564202971572,0.54135277607901
ENSG00000219626,0.743589743589744,0.205128205128205,0.0512820512820513,5.4,25.48,0.039649803911943,0.803911698330266,0.796274185105267,0.497921319866324
ENSG00000231887,0.743589743589744,0.230769230769231,0.0256410256410256,5.6,21.8,0.039649803911943,0.760789783988833,0.788673602768502,0.600786487564093
ENSG00000231925,0.743589743589744,0.230769230769231,0.0256410256410256,4.99,19.4,0.039649803911943,0.760789783988833,0.811336669911317,0.664704076374428
ENSG00000243477,0.743589743589744,0.230769230769231,0.0256410256410256,4.39,23.59,0.039649803911943,0.760789783988833,0.832103273696466,0.551173640833743
ENSG00000243710,0.743589743589744,0.205128205128205,0.0512820512820513,4.2,60.7,0.039649803911943,0.803911698330266,0.838360298623454,0.00622258377490115
ENSG00000250067,0.743589743589744,0.256410256410256,0,5.3,42.39,0.039649803911943,0.712946764021591,0.800012558319403,0.114552487640146
ENSG00000257950,0.743589743589744,0.230769230769231,0.0256410256410256,4.6,36.28,0.039649803911943,0.760789783988833,0.825008686586126,0.220650888466712
ENSG00000258388,0.743589743589744,0.17948717948718,0.0769230769230769,3.5,29.1,0.039649803911943,0.841950876695965,0.860084289217122,0.396832059817811
ENSG00000267855,0.743589743589744,0.153846153846154,0.102564102564103,3.4,18.8,0.039649803911943,0.874791989656592,0.863017614637113,0.680044772118752
ENSG00000278535,0.743589743589744,0.256410256410256,0,5.8,38.68,0.039649803911943,0.712946764021591,0.780909433695944,0.173621773628093
